index,season,mnth,holiday,weekday,workingday,weathersit,temp,atemp,hum,windspeed,cnt
0,winter,1,0,6,0,mist,8.175849,7.999250,80.5833,10.749882,985
1,winter,1,0,0,0,mist,9.083466,7.346774,69.6087,16.652113,801
2,winter,1,0,1,1,clear,1.229108,3.499270,43.7273,16.636703,1349
3,winter,1,0,2,1,clear,1.400000,1.999948,59.0435,10.739832,1562
4,winter,1,0,3,1,clear,2.666979,0.868180,43.6957,12.522300,1600
5,winter,1,0,4,1,clear,1.604356,0.608206,51.8261,6.000868,1606
6,winter,1,0,5,1,mist,1.236534,2.216626,49.8696,11.304642,1510
7,winter,1,0,6,0,mist,245000,5.291236,53.5833,17.875868,959
8,winter,1,0,0,0,clear,498349,8.332450,43.4167,24.250650,822
9,winter,1,0,1,1,clear,910849,6.041392,48.2917,14.958889,1321
10,winter,1,0,2,1,mist,052723,3.363376,68.6364,8.182844,1263
11,winter,1,0,3,1,clear,0.118169,5.408782,59.9545,20.410009,1162
12,winter,1,0,4,1,clear,245000,6.041722,47.0417,20.167000,1406
13,winter,1,0,5,1,clear,439110,3.564742,53.7826,8.478716,1421
14,winter,1,0,6,0,mist,2.966651,0.375392,49.8750,10.583521,1248
15,winter,1,0,0,0,clear,2.888349,0.541678,48.3750,12.625011,1204
16,winter,1,1,1,0,mist,0.264151,4.333114,53.7500,12.999139,1000
17,winter,1,0,2,1,mist,2.183349,0.666022,86.1667,9.833925,683
18,winter,1,0,3,1,mist,5.732178,3.695852,74.1739,13.957239,1650
19,winter,1,0,4,1,mist,4.298349,0.833300,53.8333,13.125568,1927
20,winter,1,0,5,1,clear,0.342500,5.583022,45.7083,23.667214,1543
21,winter,1,0,6,0,clear,220871,10.781406,40.0000,11.521990,981
22,winter,1,0,0,0,clear,463480,9.476619,43.6522,16.522200,986
23,winter,1,0,1,1,clear,422609,8.216620,49.1739,10.608110,1416
24,winter,1,0,2,1,mist,2.503466,0.521284,61.6957,8.696332,1985
25,winter,1,0,3,1,light precip,2.222500,2.562400,86.2500,19.687950,506
26,winter,1,0,4,1,clear,1.165000,1.499800,68.7500,7.627079,431
27,winter,1,0,5,1,mist,1.563466,1.261078,79.3043,8.261100,1167
28,winter,1,0,6,0,clear,1.236534,1.999684,65.1739,9.739455,1098
29,winter,1,0,0,0,clear,2.176534,0.521252,72.2174,4.956834,1096
30,winter,1,0,1,1,mist,0.499151,3.707500,60.3750,12.541864,1501
31,winter,2,0,2,1,mist,1.032178,0.521020,82.9565,3.565271,1360
32,winter,2,0,3,1,mist,4.220000,0.791522,77.5417,17.708636,1526
33,winter,2,0,4,1,clear,0.786979,4.260052,43.7826,18.609384,1550
34,winter,2,0,5,1,mist,1.931288,0.913258,58.5217,8.565213,1708
35,winter,2,0,6,0,mist,2.966651,0.041828,92.9167,10.792293,1005
36,winter,2,0,0,0,clear,5.434151,3.250286,56.8333,9.500600,1623
37,winter,2,0,1,1,clear,4.768349,4.041428,73.8333,3.042356,1712
38,winter,2,0,2,1,clear,2.379151,2.915764,53.7917,24.250650,1530
39,winter,2,0,3,1,mist,665199,6.477322,49.4783,12.652213,1605
40,winter,2,0,4,1,clear,215644,6.129832,43.7391,14.869645,1538
41,winter,2,0,5,1,clear,0.887277,1.908406,50.6364,7.272850,1746
42,winter,2,0,6,0,clear,2.457500,0.625036,54.4167,13.625589,1472
43,winter,2,0,0,0,clear,6.876534,5.391458,45.7391,17.479161,1589
44,winter,2,0,1,1,clear,11.505000,10.291100,37.5833,27.999836,1913
45,winter,2,0,2,1,clear,4.506089,0.782084,31.4348,19.522058,1815
46,winter,2,0,3,1,clear,6.958267,4.869200,42.3478,16.869997,2115
47,winter,2,0,4,1,clear,12.484151,12.291428,50.5000,15.416968,2475
48,winter,2,0,5,1,clear,16.518349,17.790878,51.6667,17.749975,2927
49,winter,2,0,6,0,clear,10.760849,9.832664,18.7917,34.000021,1635
50,winter,2,0,0,0,clear,5.405199,2.303780,40.7826,14.956745,1812
51,winter,2,1,1,0,mist,6.256651,2.748950,60.5000,20.625682,1107
52,winter,2,0,2,1,clear,0.564434,3.721822,57.7778,13.110761,1450
53,winter,2,0,3,1,clear,2.421733,0.217322,42.3043,6.305571,1917
54,winter,2,0,4,1,mist,5.895644,3.086606,69.7391,16.783232,1807
55,winter,2,0,5,1,mist,9.124356,7.130426,71.2174,23.218113,1461
56,winter,2,0,6,0,clear,5.277500,2.624672,53.7917,12.500257,1969
57,winter,2,0,0,0,clear,8.143466,7.173194,68.0000,8.391616,2402
58,winter,2,0,1,1,mist,11.141831,10.407788,87.6364,19.408962,1446
59,winter,3,0,2,1,clear,4.533349,1.416014,53.5000,14.500475,1851
60,winter,3,0,3,1,clear,7.745000,5.124686,44.9583,20.624811,2134
61,winter,3,0,4,1,clear,1.321651,2.791222,31.8333,15.125518,1685
62,winter,3,0,5,1,mist,4.298349,0.874814,61.0417,13.624182,1944
63,winter,3,0,6,0,mist,10.055849,8.999414,78.9167,16.875357,2077
64,winter,3,0,0,0,mist,9.696534,8.172632,94.8261,23.000229,605
65,winter,3,0,1,1,clear,4.301733,0.261574,55.1304,22.870584,1872
66,winter,3,0,2,1,clear,5.747500,3.958400,42.0833,8.083550,2133
67,winter,3,0,3,1,mist,5.904151,2.916128,77.5417,14.750050,1891
68,winter,3,0,4,1,light precip,10.287277,9.454088,0.0000,17.545759,623
69,winter,3,0,5,1,mist,6.876534,4.130000,64.9565,15.608990,1977
70,winter,3,0,6,0,clear,7.470849,5.499500,59.4583,14.791925,2132
71,winter,3,0,0,0,clear,10.064356,9.086006,52.7391,18.130468,2417
72,winter,3,0,1,1,clear,7.285199,5.912000,49.6957,9.174042,2046
73,winter,3,0,2,1,mist,6.917377,4.999748,65.5652,12.348703,2056
74,winter,3,0,3,1,mist,9.165199,8.217380,77.6522,13.608839,2192
75,winter,3,0,4,1,clear,11.505000,11.081978,60.2917,14.041793,2744
76,winter,3,0,5,1,clear,17.380000,18.782594,52.5217,15.478139,3239
77,winter,3,0,6,0,clear,14.207500,14.790650,37.9167,24.667189,3117
78,winter,3,0,0,0,clear,7.627500,5.499500,47.3750,13.917307,2471
79,spring,3,0,1,1,mist,12.230445,11.042510,73.7391,19.348461,2077
80,spring,3,0,2,1,clear,12.758349,13.082372,62.4583,15.125250,2703
81,spring,3,0,3,1,mist,8.306979,6.303974,83.9565,15.695487,2121
82,spring,3,0,4,1,mist,5.395000,1.874978,80.5833,16.333729,1865
83,spring,3,0,5,1,clear,4.415849,0.916592,49.5000,15.458575,2210
84,spring,3,0,6,0,clear,4.494151,0.999686,39.4167,14.041257,2496
85,spring,3,0,0,0,mist,3.893021,0.522374,49.3913,12.348100,1693
86,spring,3,0,1,1,clear,4.424356,0.999884,30.2174,14.217668,2028
87,spring,3,0,2,1,clear,6.217500,3.331928,31.4167,15.208732,2425
88,spring,3,0,3,1,mist,6.100000,3.625100,64.6667,11.583496,1536
89,spring,3,0,4,1,light precip,4.611651,0.999950,91.8333,14.582282,1685
90,spring,4,0,5,1,mist,6.100000,2.707964,68.6250,17.333436,2227
91,spring,4,0,6,0,mist,6.805000,4.832042,65.3750,13.208782,2252
92,spring,4,0,0,0,clear,9.781651,8.998622,48.0000,12.208271,3249
93,spring,4,0,1,1,clear,18.946651,19.833314,42.6250,25.833257,3115
94,spring,4,0,2,1,mist,11.465849,10.291100,64.2083,26.000489,1795
95,spring,4,0,3,1,clear,10.369151,9.582128,47.0833,17.625221,2808
96,spring,4,0,4,1,clear,12.562500,12.623936,60.2917,10.874904,3141
97,spring,4,0,5,1,mist,7.784151,5.415614,83.6250,15.208464,1471
98,spring,4,0,6,0,mist,8.097500,6.540914,87.7500,8.916561,2455
99,spring,4,0,0,0,mist,12.053349,12.164642,85.7500,9.833389,2895
100,spring,4,0,1,1,mist,19.995644,21.304322,71.6956,21.739758,3348
101,spring,4,0,2,1,mist,15.617500,16.541564,73.9167,18.416893,2034
102,spring,4,0,3,1,mist,11.387500,11.540678,81.9167,16.791339,2162
103,spring,4,0,4,1,clear,13.972500,14.540972,54.0417,7.416900,3267
104,spring,4,1,5,0,clear,12.993349,13.166258,67.1250,15.167125,3126
105,spring,4,0,6,0,light precip,12.249151,12.082472,88.8333,22.834136,795
106,spring,4,0,0,0,clear,13.463349,13.415936,47.9583,20.334232,3744
107,spring,4,0,1,1,clear,16.087500,17.207636,54.2500,10.958989,3429
108,spring,4,0,2,1,mist,15.774151,16.291028,66.5833,10.584057,3204
109,spring,4,0,3,1,clear,19.965000,21.249872,61.4167,16.208975,3944
110,spring,4,0,4,1,clear,13.580849,13.956872,40.7083,21.792286,4189
111,spring,4,0,5,1,mist,7.823349,5.248964,72.9583,14.707907,1683
112,spring,4,0,6,0,mist,13.620000,13.707986,88.7917,15.458575,4036
113,spring,4,0,0,0,mist,19.338349,20.416358,81.0833,12.875725,4191
114,spring,4,0,1,1,clear,20.513349,21.917000,77.6667,12.417311,4073
115,spring,4,0,2,1,clear,21.688349,23.209478,72.9167,21.875500,4400
116,spring,4,0,3,1,mist,21.140000,21.959372,83.5417,20.917400,3872
117,spring,4,0,4,1,mist,21.022500,22.209314,70.0833,21.500836,4058
118,spring,4,0,5,1,clear,15.970000,16.832558,45.7083,16.084221,4595
119,spring,4,0,6,0,clear,14.207500,14.625386,50.3333,15.750025,5312
120,spring,5,0,0,0,mist,13.228349,13.581464,76.2083,7.125718,3351
121,spring,5,0,1,1,mist,17.810849,19.166978,73.0000,12.291418,4401
122,spring,5,0,2,1,mist,20.983349,22.417214,69.7083,22.958689,4451
123,spring,5,0,3,1,mist,11.465849,10.706900,73.7083,22.042732,2633
124,spring,5,0,4,1,clear,13.580849,13.166522,44.4167,19.791264,4433
125,spring,5,0,5,1,clear,14.520849,15.291722,59.0000,15.292482,4608
126,spring,5,0,6,0,clear,16.440000,17.832986,54.1250,10.750150,4714
127,spring,5,0,0,0,clear,16.831651,18.249578,63.1667,5.000712,4333
128,spring,5,0,1,1,clear,17.027500,18.666236,58.8750,11.792000,4362
129,spring,5,0,2,1,clear,17.027500,18.499586,48.9167,7.749957,4803
130,spring,5,0,3,1,clear,17.497500,18.874400,63.2917,8.083014,4182
131,spring,5,0,4,1,clear,17.145000,18.541958,74.7500,12.707689,4864
132,spring,5,0,5,1,mist,16.087500,16.623800,86.3333,12.041575,4105
133,spring,5,0,6,0,mist,16.479151,17.041514,92.2500,9.041650,3409
134,spring,5,0,0,0,mist,18.437500,19.376000,86.7083,10.249593,4553
135,spring,5,0,1,1,clear,19.142500,20.333792,78.7917,8.500357,3958
136,spring,5,0,2,1,mist,18.398349,19.542914,83.7917,18.582718,4123
137,spring,5,0,3,1,mist,17.850000,18.792428,87.0000,13.499964,3855
138,spring,5,0,4,1,mist,16.949151,17.708972,82.9583,7.250271,4575
139,spring,5,0,5,1,clear,17.223349,18.916772,71.9583,8.375871,4917
140,spring,5,0,6,0,clear,20.317500,21.750350,62.6667,8.083550,5805
141,spring,5,0,0,0,clear,20.395849,21.917000,74.9583,9.916536,4660
142,spring,5,0,1,1,mist,21.688349,22.959536,81.0000,15.667414,4274
143,spring,5,0,2,1,mist,23.020000,23.917658,74.0833,13.875164,4492
144,spring,5,0,3,1,clear,23.059151,24.625772,69.6250,10.333611,4978
145,spring,5,0,4,1,clear,25.291651,27.209408,67.7500,13.376014,4677
146,spring,5,0,5,1,clear,24.038349,26.042528,65.3750,16.125493,4679
147,spring,5,0,6,0,clear,22.824151,24.417014,72.9583,15.416164,4758
148,spring,5,0,0,0,clear,23.372500,24.626300,81.8750,14.333846,4788
149,spring,5,1,1,0,clear,26.466651,28.292072,68.5000,8.792075,4098
150,spring,5,0,2,1,clear,28.425000,31.875278,63.6667,7.459043,3982
151,spring,6,0,3,1,mist,27.915849,31.583822,67.7083,13.875164,3974
152,spring,6,0,4,1,clear,25.605000,26.500172,30.5000,19.583229,4968
153,spring,6,0,5,1,clear,21.140000,22.750778,35.4167,16.959107,5312
154,spring,6,0,6,0,clear,21.845000,23.249936,45.6250,8.250514,5342
155,spring,6,0,0,0,mist,22.471651,24.709064,65.2500,9.292364,4906
156,spring,6,0,1,1,clear,23.881651,25.042628,60.0000,8.167032,4548
157,spring,6,0,2,1,clear,25.252500,27.292700,59.7917,12.583136,4833
158,spring,6,0,3,1,clear,28.464151,32.000414,62.2083,9.166739,4401
159,spring,6,0,4,1,mist,29.991651,34.000214,56.8333,10.042161,3915
160,spring,6,0,5,1,clear,27.485000,30.417272,60.5000,9.417118,4586
161,spring,6,0,6,0,clear,26.075000,28.750508,65.4583,10.374950,4966
162,spring,6,0,0,0,clear,24.547500,26.459450,74.7917,10.958989,4460
163,spring,6,0,1,1,clear,21.845000,23.709164,49.4583,20.458450,5020
164,spring,6,0,2,1,clear,20.395849,23.042036,50.7083,18.041961,4891
165,spring,6,0,3,1,clear,21.453349,22.791764,47.1667,11.250104,5180
166,spring,6,0,4,1,mist,21.531651,23.292836,68.8333,13.833557,3767
167,spring,6,0,5,1,clear,22.510849,23.625278,73.5833,9.582943,4844
168,spring,6,0,6,0,clear,24.743349,26.500964,67.0417,8.000336,5119
169,spring,6,0,0,0,mist,24.860849,26.625836,66.6667,6.834000,4744
170,spring,6,0,1,1,mist,21.845000,23.292836,74.6250,10.416825,4010
171,summer,6,0,2,1,mist,23.999151,26.084636,77.0417,11.458675,4835
172,summer,6,0,3,1,clear,26.466651,29.792714,70.7500,11.541554,4507
173,summer,6,0,4,1,mist,26.231651,29.792978,70.3333,15.999868,4790
174,summer,6,0,5,1,clear,26.035849,27.334478,57.3333,14.875675,4991
175,summer,6,0,6,0,clear,24.665000,26.458658,48.3333,14.041257,5202
176,summer,6,0,0,0,clear,23.960000,26.083514,51.3333,6.333731,5305
177,summer,6,0,1,1,mist,24.077500,26.042264,65.8333,7.208396,4708
178,summer,6,0,2,1,clear,26.975849,29.708828,63.4167,9.666961,4648
179,summer,6,0,3,1,clear,26.231651,27.209408,49.7917,17.542007,5225
180,summer,6,0,4,1,clear,24.743349,26.042528,43.4167,12.415904,5515
181,summer,7,0,5,1,clear,25.957500,27.042692,39.6250,6.874736,5362
182,summer,7,0,6,0,clear,26.701651,28.042328,44.4583,7.709154,5119
183,summer,7,0,0,0,mist,25.683349,28.125950,68.2500,15.333486,4649
184,summer,7,1,1,0,mist,26.153349,27.917522,63.7917,5.459106,6043
185,summer,7,0,2,1,clear,27.093349,29.958308,59.0417,8.459286,4665
186,summer,7,0,3,1,clear,25.840000,29.251778,74.3333,10.042161,4629
187,summer,7,0,4,1,clear,27.250000,29.333486,65.1250,10.666400,4592
188,summer,7,0,5,1,mist,25.330849,28.251878,75.7917,15.083643,4040
189,summer,7,0,6,0,clear,26.466651,27.834428,60.9167,11.250104,5336
190,summer,7,0,0,0,clear,27.132500,29.541650,57.8333,12.292557,4881
191,summer,7,0,1,1,clear,27.837500,32.167064,63.5833,18.916579,4086
192,summer,7,0,2,1,clear,29.325849,32.792150,55.9167,13.417018,4258
193,summer,7,0,3,1,clear,27.093349,29.500664,63.1667,9.790911,4342
194,summer,7,0,4,1,clear,23.999151,25.916864,47.6250,16.124689,5084
195,summer,7,0,5,1,clear,23.176651,25.208486,59.1250,12.249811,5538
196,summer,7,0,6,0,clear,24.273349,26.125358,58.5000,13.958914,5923
197,summer,7,0,0,0,clear,25.800849,28.208978,60.4167,16.417211,5302
198,summer,7,0,1,1,clear,27.093349,30.459050,65.1250,14.458868,4458
199,summer,7,0,2,1,clear,28.503349,33.333614,65.0417,8.750200,4541
200,summer,7,0,3,1,clear,28.111651,33.292100,70.7083,7.625739,4332
201,summer,7,0,4,1,mist,30.305000,38.540486,69.1250,14.875407,3784
202,summer,7,0,5,1,clear,31.871651,39.499136,58.0417,8.917700,3387
203,summer,7,0,6,0,clear,31.910849,37.082942,50.0000,8.791807,3285
204,summer,7,0,0,0,clear,31.010000,36.458714,55.0833,11.334457,3606
205,summer,7,0,1,1,clear,26.936651,31.583228,75.7083,6.084156,3840
206,summer,7,0,2,1,clear,28.268349,30.000614,54.0833,13.417286,4590
207,summer,7,0,3,1,clear,28.425000,29.584022,40.2917,12.292021,4656
208,summer,7,0,4,1,clear,28.620849,32.833400,58.3333,11.958093,4390
209,summer,7,0,5,1,clear,31.401651,35.873822,54.2500,11.667246,3846
210,summer,7,0,6,0,clear,29.795849,32.083442,46.5833,11.291979,4475
211,summer,7,0,0,0,clear,29.874151,32.166536,48.0833,11.042471,4302
212,summer,8,0,1,1,clear,28.268349,30.417272,55.0833,10.500039,4266
213,summer,8,0,2,1,clear,28.816651,30.666686,49.1250,13.791950,4845
214,summer,8,0,3,1,mist,26.388349,28.875842,65.7500,9.084061,3574
215,summer,8,0,4,1,mist,25.370000,27.876008,75.7500,13.209050,4576
216,summer,8,0,5,1,clear,25.409151,27.333422,63.0833,12.374632,4866
217,summer,8,0,6,0,mist,25.683349,28.626164,75.5000,15.292750,4294
218,summer,8,0,0,0,clear,26.897500,31.209272,75.2917,13.499629,3785
219,summer,8,0,1,1,clear,27.955000,30.416678,59.2083,12.875725,4326
220,summer,8,0,2,1,clear,28.425000,31.791986,57.0417,10.125107,4602
221,summer,8,0,3,1,clear,28.033349,29.208878,42.4167,13.417286,4780
222,summer,8,0,4,1,clear,25.722500,27.000386,42.3750,11.041332,4792
223,summer,8,0,5,1,clear,25.291651,27.166772,41.5000,8.416607,4905
224,summer,8,0,6,0,mist,24.234151,26.626628,72.9583,14.167418,4150
225,summer,8,0,0,0,mist,23.803349,25.209608,81.7500,14.916411,3820
226,summer,8,0,1,1,clear,23.294151,24.667022,71.2083,13.999918,4338
227,summer,8,0,2,1,clear,24.939151,26.625242,57.8333,15.834043,4725
228,summer,8,0,3,1,clear,25.996651,28.000286,57.5417,9.625689,4694
229,summer,8,0,4,1,clear,25.448349,27.709028,65.4583,15.624936,3805
230,summer,8,0,5,1,mist,24.195000,25.792586,72.2917,9.333636,4153
231,summer,8,0,6,0,clear,24.782500,26.833736,67.4167,6.999289,5191
232,summer,8,0,0,0,clear,25.409151,28.584650,77.0000,16.666518,3873
233,summer,8,0,1,1,clear,24.508349,26.124764,47.0000,18.542250,4758
234,summer,8,0,2,1,clear,22.119151,24.000422,45.5417,9.833121,5895
235,summer,8,0,3,1,clear,23.646651,25.625672,60.5000,16.958236,5130
236,summer,8,0,4,1,mist,24.155849,26.626364,77.1667,14.125811,3542
237,summer,8,0,5,1,clear,24.900000,27.542378,76.1250,5.625487,4661
238,summer,8,0,6,0,mist,23.960000,25.946696,85.0000,25.166339,1115
239,summer,8,0,0,0,clear,25.231773,26.765294,56.1765,20.412153,4334
240,summer,8,0,1,1,clear,21.923349,24.125228,55.4583,10.708275,4634
241,summer,8,0,2,1,clear,22.040849,23.250464,54.8333,8.375536,5204
242,summer,8,0,3,1,clear,22.863349,24.333986,59.7917,5.583331,5058
243,summer,9,0,4,1,clear,22.785000,24.584786,63.9167,9.500332,5115
244,summer,9,0,5,1,mist,22.236651,23.917328,72.7083,9.375243,4727
245,summer,9,0,6,0,clear,23.450849,25.792058,71.6667,12.416775,4484
246,summer,9,0,0,0,clear,25.330849,27.918314,74.2083,13.833289,4940
247,summer,9,1,1,0,mist,23.646651,25.292636,79.0417,14.250632,3351
248,summer,9,0,2,1,light precip,17.380000,18.003200,88.6957,23.044181,2710
249,summer,9,0,3,1,light precip,20.160849,19.919114,91.7083,6.500394,1996
250,summer,9,0,4,1,light precip,21.793911,20.653826,93.9565,12.914116,1842
251,summer,9,0,5,1,mist,22.550000,22.210436,89.7917,8.333393,3544
252,summer,9,0,6,0,clear,23.020000,24.125492,75.3750,10.291736,5345
253,summer,9,0,0,0,clear,22.706651,24.209114,71.3750,7.708618,5046
254,summer,9,0,1,1,clear,22.284356,23.740580,69.2174,5.957171,4713
255,summer,9,0,2,1,clear,22.589151,23.834564,71.2500,9.500868,4763
256,summer,9,0,3,1,clear,23.646651,25.375400,69.7083,11.209100,4785
257,summer,9,0,4,1,mist,19.142500,20.542286,70.9167,18.166782,3659
258,summer,9,0,5,1,mist,14.050849,14.457350,59.0417,11.000261,4760
259,summer,9,0,6,0,mist,15.108349,15.581792,71.8333,12.708225,4511
260,summer,9,0,0,0,clear,15.852500,16.375442,69.5000,11.958361,4274
261,summer,9,0,1,1,mist,17.810849,18.958550,69.0000,10.166714,4539
262,summer,9,0,2,1,mist,18.398349,19.126322,88.1250,9.041918,3641
263,summer,9,0,3,1,mist,19.965000,20.335178,90.0000,6.459081,4352
264,summer,9,0,4,1,mist,21.531651,20.627558,90.2083,8.584375,4795
265,fall,9,0,5,1,mist,20.630849,18.460250,97.2500,5.250569,2395
266,fall,9,0,6,0,mist,20.513349,21.251192,86.2500,5.251681,5423
267,fall,9,0,0,0,mist,21.805849,21.794042,84.5000,3.375406,5010
268,fall,9,0,1,1,mist,22.510849,22.876772,84.8333,7.416900,4630
269,fall,9,0,2,1,mist,21.923349,21.918650,88.5417,7.917457,4120
270,fall,9,0,3,1,mist,21.845000,21.960428,84.8750,9.958143,3907
271,fall,9,0,4,1,clear,20.983349,21.917792,69.9167,11.583161,4839
272,fall,9,0,5,1,clear,18.515849,19.958714,64.7500,13.833825,5202
273,fall,10,0,6,0,mist,11.270000,11.248958,75.3750,19.583832,2429
274,fall,10,0,0,0,mist,8.763349,6.790922,79.1667,14.874871,2918
275,fall,10,0,1,1,mist,10.055849,9.875036,76.0833,5.584169,3570
276,fall,10,0,2,1,clear,14.755849,15.208628,71.0000,13.792218,4456
277,fall,10,0,3,1,clear,17.301651,18.791108,64.7917,11.875750,4826
278,fall,10,0,4,1,clear,15.225849,15.708050,62.0833,9.041918,4765
279,fall,10,0,5,1,clear,16.009151,17.290664,68.4167,1.500244,4985
280,fall,10,0,6,0,clear,16.518349,17.873972,70.1250,3.042081,5409
281,fall,10,0,0,0,clear,17.419151,18.582878,72.7500,4.251150,5511
282,fall,10,1,1,0,clear,18.829151,19.833050,73.3750,2.834381,5117
283,fall,10,0,2,1,mist,18.633349,20.042336,80.8750,9.583814,4563
284,fall,10,0,3,1,light precip,17.536651,18.169322,90.6250,16.626050,2416
285,fall,10,0,4,1,mist,19.690849,20.419064,89.6667,9.499729,2913
286,fall,10,0,5,1,mist,17.889151,18.958550,71.6250,15.000161,3644
287,fall,10,0,6,0,clear,15.813349,16.915850,48.3333,17.291561,5217
288,fall,10,0,0,0,clear,16.048349,17.208164,48.6667,18.875039,5041
289,fall,10,0,1,1,clear,17.105849,17.707850,57.9583,11.750393,4570
290,fall,10,0,2,1,mist,17.027500,18.499586,70.1667,7.375829,4748
291,fall,10,0,3,1,light precip,17.461733,17.913968,89.5217,16.303713,2424
292,fall,10,0,4,1,clear,14.364151,14.790650,63.6250,28.292425,4195
293,fall,10,0,5,1,clear,12.092500,11.957336,57.4167,14.833532,4304
294,fall,10,0,6,0,clear,11.857500,12.082472,62.9167,6.208669,4308
295,fall,10,0,0,0,clear,11.818349,11.873978,74.1250,6.667338,4381
296,fall,10,0,1,1,clear,13.776651,14.166422,77.2083,7.959064,4187
297,fall,10,0,2,1,clear,14.168349,14.582750,62.2917,11.166086,4687
298,fall,10,0,3,1,mist,14.755849,15.207836,72.0417,9.959014,3894
299,fall,10,0,4,1,mist,14.090000,14.165036,81.2917,13.250121,2659
300,fall,10,0,5,1,mist,7.549151,5.041592,58.5833,15.375093,3747
301,fall,10,0,6,0,light precip,3.945849,0.957742,88.2500,23.541857,627
302,fall,10,0,0,0,clear,7.000849,5.207714,62.3750,11.833339,3331
303,fall,10,0,1,1,clear,7.980000,7.500158,70.3333,7.125450,3669
304,fall,11,0,2,1,clear,10.839151,10.207808,68.3750,9.083257,4068
305,fall,11,0,3,1,clear,9.742500,9.748778,71.8750,5.500144,4186
306,fall,11,0,4,1,clear,11.191651,10.790786,70.2083,9.166739,3974
307,fall,11,0,5,1,mist,10.956651,10.623872,62.2500,18.209193,4046
308,fall,11,0,6,0,clear,7.353349,5.374364,51.9167,12.667154,3926
309,fall,11,0,0,0,clear,8.371651,7.915628,73.4583,6.167631,3649
310,fall,11,0,1,1,clear,10.565000,10.457486,75.8750,3.834075,4035
311,fall,11,0,2,1,clear,11.191651,11.208236,72.1667,4.625513,4205
312,fall,11,0,3,1,clear,10.800000,10.999214,75.8333,4.167119,4109
313,fall,11,0,4,1,mist,9.860000,8.665586,81.3333,12.667489,2933
314,fall,11,1,5,0,clear,7.235849,4.249922,44.6250,21.083225,3368
315,fall,11,0,6,0,clear,8.763349,7.624172,55.2917,14.208154,4067
316,fall,11,0,0,0,clear,12.719151,12.416300,45.8333,18.875307,3717
317,fall,11,0,1,1,clear,16.910000,18.624392,58.7083,20.541932,4486
318,fall,11,0,2,1,mist,16.910000,17.500214,68.8750,13.375411,4195
319,fall,11,0,3,1,light precip,13.463349,13.831208,93.0000,9.167543,1817
320,fall,11,0,4,1,mist,8.058349,5.332586,57.5833,20.459254,3053
321,fall,11,0,5,1,clear,4.885849,1.999586,41.0000,11.291711,3392
322,fall,11,0,6,0,clear,7.470849,5.415878,50.2083,15.041232,3663
323,fall,11,0,0,0,mist,13.776651,14.165828,68.4583,12.458650,3520
324,fall,11,0,1,1,light precip,13.032500,13.374092,91.0000,9.249618,2765
325,fall,11,0,2,1,light precip,11.583349,11.831936,96.2500,7.959064,1607
326,fall,11,0,3,1,mist,12.719151,12.415442,75.7917,22.500275,2566
327,fall,11,1,4,0,clear,9.546651,8.583086,54.9167,11.209368,1495
328,fall,11,0,5,1,clear,9.625000,9.124286,64.3750,6.626019,2792
329,fall,11,0,6,0,clear,9.664151,9.415742,68.1667,4.584194,3068
330,fall,11,0,0,0,clear,13.580849,14.082800,69.8333,13.999918,3071
331,fall,11,0,1,1,clear,15.663466,16.348052,74.3043,9.522174,3867
332,fall,11,0,2,1,mist,13.541651,13.790750,83.0833,17.292164,2914
333,fall,11,0,3,1,clear,7.275000,4.540586,61.3333,18.167586,3613
334,fall,12,0,4,1,clear,6.687500,4.166564,52.4583,14.750586,3727
335,fall,12,0,5,1,clear,6.765849,5.874578,62.5833,6.750518,3940
336,fall,12,0,6,0,clear,6.060849,4.499864,61.2917,6.417481,3614
337,fall,12,0,0,0,clear,7.549151,7.040600,77.5833,5.625206,3485
338,fall,12,0,1,1,mist,10.134151,9.999050,82.7083,4.167956,3811
339,fall,12,0,2,1,light precip,13.737500,14.122400,94.9583,15.583061,2594
340,fall,12,0,3,1,light precip,11.270000,10.416236,97.0417,17.833725,705
341,fall,12,0,4,1,clear,4.494151,0.957908,58.0000,16.083886,3322
342,fall,12,0,5,1,clear,5.669151,4.957772,69.5833,5.542019,3620
343,fall,12,0,6,0,clear,4.925000,1.583192,50.7500,15.625807,3190
344,fall,12,0,0,0,clear,2.379151,0.708164,49.0000,4.458294,2743
345,fall,12,0,1,1,clear,3.201651,1.832936,67.0833,4.251150,3310
346,fall,12,0,2,1,clear,5.277500,3.875108,59.0000,9.416850,3523
347,fall,12,0,3,1,mist,6.922500,6.331892,66.3750,4.084206,3740
348,fall,12,0,4,1,mist,11.857500,11.207642,63.4167,17.958814,3709
349,fall,12,0,5,1,mist,9.625000,7.748450,50.0417,17.458525,3577
350,fall,12,0,6,0,mist,4.141651,0.458486,56.0833,16.292189,2739
351,fall,12,0,0,0,clear,3.201651,0.208214,58.6250,11.375193,2431
352,fall,12,0,1,1,clear,5.003349,2.541578,63.7500,11.584032,3403
353,fall,12,0,2,1,mist,10.134151,10.165964,59.5417,4.125244,3750
354,winter,12,0,3,1,mist,12.131651,12.249122,85.8333,14.833800,2660
355,winter,12,0,4,1,mist,11.896651,12.123986,75.7500,3.167425,3068
356,winter,12,0,5,1,clear,9.546651,8.915858,68.6250,18.374482,2209
357,winter,12,0,6,0,clear,6.217500,3.749972,54.2500,12.750368,1011
358,winter,12,0,0,0,clear,4.914801,2.477426,68.1304,10.391097,754
359,winter,12,1,1,0,clear,7.121733,4.825310,50.6957,16.044155,1317
360,winter,12,0,2,1,mist,7.275000,5.623778,76.2500,12.626150,1162
361,winter,12,0,3,1,clear,6.059110,2.478284,50.3913,19.695387,2302
362,winter,12,0,4,1,clear,3.671651,1.416872,57.4167,8.000604,2423
363,winter,12,0,5,1,clear,6.648349,5.041592,63.6667,9.000579,2999
364,winter,12,0,6,0,clear,11.270000,11.331986,61.5833,14.750318,2485
365,winter,1,0,0,0,clear,9.390000,8.790986,69.2500,12.875189,2294
366,winter,1,1,1,0,clear,4.833021,0.652064,38.1304,22.087555,1951
367,winter,1,0,2,1,clear,950000,7.665850,44.1250,24.499957,2236
368,winter,1,0,3,1,mist,947500,8.123758,41.4583,12.374900,2368
369,winter,1,0,4,1,clear,4.494151,2.375192,52.4167,8.709129,3272
370,winter,1,0,5,1,clear,7.705849,6.457622,54.2083,11.249836,4098
371,winter,1,0,6,0,clear,10.486651,9.791414,53.1667,11.708786,4521
372,winter,1,0,0,0,clear,7.862500,6.457028,46.5000,12.833314,3425
373,winter,1,0,1,1,mist,2.535849,0.333614,70.1667,6.626300,2376
374,winter,1,0,2,1,clear,6.508712,5.042516,64.6522,12.565984,3598
375,winter,1,0,3,1,mist,4.885849,2.666186,84.7500,8.791807,2177
376,winter,1,0,4,1,mist,9.977500,9.207908,80.2917,12.124789,4097
377,winter,1,0,5,1,clear,4.885849,0.457892,50.7500,25.333236,3214
378,winter,1,0,6,0,clear,0.460000,3.916258,45.7500,12.541261,2493
379,winter,1,0,0,0,clear,166651,5.332750,41.9167,16.834286,2311
380,winter,1,1,1,0,clear,0.930000,3.416242,52.2500,15.500986,2298
381,winter,1,0,2,1,mist,9.533021,8.042348,71.6087,23.391710,2935
382,winter,1,0,3,1,clear,6.256651,2.166764,44.3333,27.833743,3376
383,winter,1,0,4,1,clear,0.930000,3.457492,49.7500,14.750586,3292
384,winter,1,0,5,1,mist,2.222500,1.416772,45.0000,13.584250,3163
385,winter,1,0,6,0,mist,0.146651,4.458250,83.1250,14.917014,1301
386,winter,1,0,0,0,mist,362500,5.291500,79.6250,13.375746,1977
387,winter,1,0,1,1,mist,2.261651,0.041828,91.1250,7.417436,2432
388,winter,1,0,2,1,clear,8.097500,7.041128,83.5833,8.292389,4339
389,winter,1,0,3,1,clear,5.825849,3.458186,64.3750,10.791757,4270
390,winter,1,0,4,1,mist,8.058349,7.499300,76.9583,4.917519,4075
391,winter,1,0,5,1,mist,11.975000,11.415278,74.1250,22.958689,3456
392,winter,1,0,6,0,clear,6.844151,5.541014,54.3333,14.125543,4023
393,winter,1,0,0,0,clear,5.277500,1.999586,31.1250,16.083350,3243
394,winter,1,0,1,1,clear,4.650849,1.333250,40.0833,14.458064,3624
395,winter,1,0,2,1,clear,10.330000,9.166922,41.6667,17.541739,4509
396,winter,2,0,3,1,clear,14.050849,14.791508,50.7917,12.667489,4579
397,winter,2,0,4,1,mist,10.760849,10.332086,67.2917,12.541529,3761
398,winter,2,0,5,1,clear,6.726651,4.416836,52.6667,11.959232,4151
399,winter,2,0,6,0,mist,4.415849,1.999850,77.9583,8.167032,2832
400,winter,2,0,0,0,mist,4.494151,1.458386,68.7917,11.791732,2947
401,winter,2,0,1,1,clear,5.282623,3.564116,62.2174,10.304600,3784
402,winter,2,0,2,1,clear,8.645849,7.832864,49.6250,9.874393,4375
403,winter,2,0,3,1,mist,4.063349,1.583786,72.2917,8.959307,2802
404,winter,2,0,4,1,clear,4.455000,1.291208,56.2083,13.000479,3830
405,winter,2,0,5,1,mist,5.199151,3.374828,54.0000,7.834243,3831
406,winter,2,0,6,0,light precip,2.535849,2.082778,73.1250,19.416332,2169
407,winter,2,0,0,0,clear,007500,9.290572,46.4583,27.417204,1529
408,winter,2,0,1,1,clear,2.457500,0.957742,41.1250,11.207961,3422
409,winter,2,0,2,1,mist,7.000849,6.040436,50.8750,9.458993,3922
410,winter,2,0,3,1,clear,8.371651,7.207514,53.1250,12.167200,4169
411,winter,2,0,4,1,mist,6.883349,5.790692,75.2917,6.125475,3005
412,winter,2,0,5,1,clear,8.136651,7.207514,63.4583,13.791682,4154
413,winter,2,0,6,0,clear,8.293349,7.458050,53.4583,12.792243,4318
414,winter,2,0,0,0,mist,5.160000,1.542008,51.5833,16.958504,2689
415,winter,2,1,1,0,clear,5.160000,2.043806,50.7826,15.348561,3129
416,winter,2,0,2,1,clear,5.527822,3.477458,59.4348,13.783039,3777
417,winter,2,0,3,1,clear,10.604151,9.916022,56.7917,15.709557,4773
418,winter,2,0,4,1,clear,13.345849,13.333436,55.4583,12.791171,5062
419,winter,2,0,5,1,mist,11.152500,11.124086,73.7500,15.916989,3487
420,winter,2,0,6,0,clear,5.669151,0.874550,39.5833,28.250014,2732
421,winter,2,0,0,0,clear,5.120849,1.708328,41.0000,13.750343,3389
422,winter,2,0,1,1,clear,9.233349,7.624964,49.0833,17.958211,4322
423,winter,2,0,2,1,clear,8.880849,7.332650,39.5833,12.958939,4363
424,winter,2,0,3,1,mist,8.184356,6.999020,80.4783,12.000839,1834
425,winter,3,0,4,1,clear,14.834151,15.374486,61.5417,15.208129,4990
426,winter,3,0,5,1,mist,8.606651,7.749572,65.7083,9.708568,3194
427,winter,3,0,6,0,mist,11.465849,11.290472,62.1250,10.792293,4066
428,winter,3,0,0,0,clear,7.314151,3.999386,40.3333,22.416257,3423
429,winter,3,0,1,1,clear,3.436651,0.082714,50.6250,15.333486,3333
430,winter,3,0,2,1,clear,4.141651,0.832772,45.6667,13.458625,3956
431,winter,3,0,3,1,clear,10.995849,9.416600,51.3333,23.167193,4916
432,winter,3,0,4,1,clear,16.792500,18.623864,56.7500,29.584721,5382
433,winter,3,0,5,1,mist,11.309151,10.207478,40.7083,27.791600,4569
434,winter,3,0,6,0,clear,5.512500,2.332622,35.0417,15.125250,4118
435,winter,3,0,0,0,clear,9.001733,7.738220,47.6957,14.913329,4911
436,winter,3,0,1,1,clear,13.933349,14.333072,48.9167,13.916771,5298
437,winter,3,0,2,1,clear,18.555000,19.833314,61.7500,15.875650,5847
438,winter,3,0,3,1,clear,18.907500,20.208722,50.7083,7.709154,6312
439,winter,3,0,4,1,clear,18.202500,19.166450,57.9583,10.042161,6192
440,winter,3,0,5,1,mist,12.484151,12.791114,84.2083,7.583864,4378
441,winter,3,0,6,0,mist,16.165849,17.333036,75.5833,7.417168,7836
442,winter,3,0,0,0,mist,14.207500,14.624000,81.0000,8.501161,5892
443,winter,3,0,1,1,clear,17.615000,19.166186,72.8750,10.875239,6153
444,winter,3,0,2,1,clear,18.359151,19.543178,80.7917,8.125157,6093
445,spring,3,0,3,1,mist,16.988349,17.875028,82.1250,6.000406,6230
446,spring,3,0,4,1,clear,18.045849,19.083422,83.1250,7.876654,6871
447,spring,3,0,5,1,mist,20.278349,21.624422,69.4167,7.792100,8362
448,spring,3,0,6,0,mist,15.617500,16.124378,88.5417,12.916461,3372
449,spring,3,0,0,0,mist,12.562500,12.874208,88.0833,14.791925,4996
450,spring,3,0,1,1,clear,12.954151,12.957500,47.7917,25.917007,5558
451,spring,3,0,2,1,clear,7.196651,4.833164,29.0000,12.541864,5102
452,spring,3,0,3,1,clear,14.755849,15.082700,48.1250,19.541957,5698
453,spring,3,0,4,1,clear,15.225849,15.832064,43.9167,21.416550,6133
454,spring,3,0,5,1,mist,9.390000,8.790986,58.0833,9.250489,5459
455,spring,3,0,6,0,mist,11.935849,11.832728,73.8333,16.791339,6235
456,spring,4,0,0,0,mist,12.014151,11.540942,67.6250,11.541889,6041
457,spring,4,0,1,1,clear,12.393911,12.215858,50.4348,20.913313,5936
458,spring,4,0,2,1,clear,13.933349,14.457878,39.6667,6.708911,6772
459,spring,4,0,3,1,clear,17.458349,19.207700,46.9583,12.125325,6436
460,spring,4,0,4,1,clear,12.445000,12.456758,37.4167,14.708443,6457
461,spring,4,0,5,1,clear,10.956651,9.790622,37.7083,20.125996,6460
462,spring,4,0,6,0,clear,12.562500,12.124514,25.4167,18.416357,6857
463,spring,4,0,0,0,clear,15.500000,16.500050,27.5833,15.583932,5169
464,spring,4,0,1,1,clear,14.990849,15.458108,31.7500,23.999132,5585
465,spring,4,0,2,1,clear,12.993349,12.791378,43.5000,16.708125,5918
466,spring,4,0,3,1,clear,8.388712,6.260084,46.9565,19.783358,4862
467,spring,4,0,4,1,clear,10.682500,9.581864,46.6250,19.458743,5409
468,spring,4,0,5,1,clear,12.797500,12.499328,40.8333,10.416557,6398
469,spring,4,0,6,0,clear,15.265000,16.207736,50.2917,12.791439,7460
470,spring,4,0,0,0,clear,20.513349,21.875750,50.7917,15.083643,7132
471,spring,4,1,1,0,clear,23.215849,24.585050,56.1667,19.083543,6370
472,spring,4,0,2,1,clear,20.591651,23.500142,39.0417,18.333143,6691
473,spring,4,0,3,1,mist,13.776651,14.164508,56.9167,11.250104,4367
474,spring,4,0,4,1,clear,15.421651,16.541036,61.2500,4.417256,6565
475,spring,4,0,5,1,clear,16.753349,18.041150,69.4583,10.041357,7290
476,spring,4,0,6,0,clear,18.790000,19.832786,68.2917,19.000329,6624
477,spring,4,0,0,0,light precip,10.643349,9.707264,83.5417,23.084582,1027
478,spring,4,0,1,1,mist,7.118349,3.874250,76.6667,20.334232,3214
479,spring,4,0,2,1,clear,11.426651,10.748678,45.4167,16.708661,5633
480,spring,4,0,3,1,clear,14.403349,15.040922,42.7917,7.959064,6196
481,spring,4,0,4,1,mist,15.421651,15.916478,75.6667,11.833875,5026
482,spring,4,0,5,1,clear,13.502500,13.874042,40.0833,23.291411,6233
483,spring,4,0,6,0,mist,9.703349,8.915264,48.9583,8.708325,4220
484,spring,4,0,0,0,clear,13.541651,13.707986,58.7083,7.832836,6304
485,spring,4,0,1,1,mist,13.815849,14.207936,57.0000,11.499746,5572
486,spring,5,0,2,1,mist,20.826651,22.083386,65.9583,10.458432,5740
487,spring,5,0,3,1,clear,18.515849,19.501136,79.7083,9.249886,6169
488,spring,5,0,4,1,mist,18.320000,19.457972,76.8333,8.957632,6421
489,spring,5,0,5,1,clear,21.492500,23.000522,73.5417,10.916846,6296
490,spring,5,0,6,0,mist,21.218349,22.584128,75.6667,10.250464,6883
491,spring,5,0,0,0,mist,18.437500,20.084642,74.0000,10.041893,6359
492,spring,5,0,1,1,mist,17.262500,18.791372,66.4167,15.458307,6273
493,spring,5,0,2,1,mist,19.338349,20.793086,68.5833,19.833943,5728
494,spring,5,0,3,1,mist,19.025000,20.499650,74.4167,14.499604,4717
495,spring,5,0,4,1,clear,15.774151,16.457678,55.2083,21.042221,6572
496,spring,5,0,5,1,clear,17.066651,18.374978,36.0417,15.874779,7030
497,spring,5,0,6,0,clear,18.515849,19.957922,48.0417,8.249911,7429
498,spring,5,0,0,0,clear,20.787500,22.625708,57.6250,15.082839,6118
499,spring,5,0,1,1,mist,18.946651,20.293400,78.9583,14.250364,2843
500,spring,5,0,2,1,mist,20.748349,22.042664,79.4583,9.875264,5115
501,spring,5,0,3,1,clear,21.923349,23.334350,69.7917,8.208304,7424
502,spring,5,0,4,1,clear,19.886651,21.792458,52.0000,15.374825,7384
503,spring,5,0,5,1,clear,18.515849,20.373986,52.3333,9.166739,7639
504,spring,5,0,6,0,clear,20.200000,21.415928,45.6250,5.626325,8294
505,spring,5,0,0,0,clear,21.179151,22.541822,53.0417,17.042589,7129
506,spring,5,0,1,1,mist,20.121651,21.334022,81.1250,15.624668,4359
507,spring,5,0,2,1,mist,20.905000,22.334450,76.5833,7.917189,6073
508,spring,5,0,3,1,mist,21.218349,22.584392,77.4583,6.834000,5260
509,spring,5,0,4,1,clear,22.785000,24.042200,71.6667,11.584032,6770
510,spring,5,0,5,1,clear,23.960000,25.416914,74.7083,9.416850,6734
511,spring,5,0,6,0,clear,24.547500,26.417936,73.2500,13.332464,6536
512,spring,5,0,0,0,clear,24.430000,26.334050,69.7083,14.416457,6591
513,spring,5,1,1,0,clear,25.487500,28.833800,67.6250,13.166907,6043
514,spring,5,0,2,1,clear,25.957500,28.417472,68.4583,19.791800,5743
515,spring,5,0,3,1,mist,22.863349,24.334514,67.0000,9.000043,6855
516,spring,5,0,4,1,clear,23.960000,25.667714,49.2917,13.083693,7338
517,spring,6,0,5,1,mist,22.745849,24.125492,75.5417,15.916721,4127
518,spring,6,0,6,0,clear,19.416651,21.375008,54.9167,12.499654,8120
519,spring,6,0,0,0,clear,20.317500,21.958778,49.3333,12.333829,7641
520,spring,6,0,1,1,clear,20.082500,22.166678,48.7083,19.083811,6998
521,spring,6,0,2,1,mist,17.419151,18.708872,61.3333,14.041525,7001
522,spring,6,0,3,1,clear,18.045849,19.791272,61.1250,5.167375,7055
523,spring,6,0,4,1,clear,20.317500,21.583172,56.7083,10.542450,7494
524,spring,6,0,5,1,clear,22.510849,23.458892,46.7917,11.750661,7736
525,spring,6,0,6,0,clear,25.409151,26.792222,43.7083,9.667229,7498
526,spring,6,0,0,0,clear,26.153349,27.792122,53.8333,8.959307,6598
527,spring,6,0,1,1,mist,25.879151,27.541586,58.7917,13.916771,6664
528,spring,6,0,2,1,mist,22.706651,23.459750,83.3333,14.374582,4972
529,spring,6,0,3,1,clear,22.824151,24.333722,58.2083,22.999693,7421
530,spring,6,0,4,1,clear,22.471651,25.209278,56.9583,17.000111,7363
531,spring,6,0,5,1,clear,22.040849,23.583764,58.9583,11.833339,7665
532,spring,6,0,6,0,clear,21.688349,23.250728,50.4167,11.166689,7702
533,spring,6,0,0,0,clear,19.847500,21.750350,59.8750,9.708568,6978
534,spring,6,0,1,1,mist,18.711651,19.959572,77.7917,11.707982,5099
535,spring,6,0,2,1,clear,24.351651,27.209672,69.0000,9.917139,6825
536,spring,6,0,3,1,clear,28.777500,31.584350,59.2083,7.625404,6211
537,summer,6,0,4,1,clear,29.874151,33.667772,56.7917,7.958729,5905
538,summer,6,0,5,1,clear,28.542500,31.791986,57.3750,12.250414,5823
539,summer,6,0,6,0,clear,26.388349,27.084272,53.4583,12.041307,7458
540,summer,6,0,0,0,clear,26.936651,28.500764,47.9167,9.750175,6891
541,summer,6,0,1,1,clear,25.644151,27.166772,50.4167,20.125661,6779
542,summer,6,0,2,1,clear,21.649151,23.250464,37.3333,23.292014,7442
543,summer,6,0,3,1,clear,24.782500,26.292272,36.0000,18.208925,7335
544,summer,6,0,4,1,clear,27.210849,28.583792,42.2500,11.500550,6879
545,summer,6,0,5,1,clear,31.205849,35.916458,48.8750,11.082939,5463
546,summer,6,0,6,0,clear,27.955000,29.375528,60.1250,10.791757,5687
547,summer,7,0,0,0,clear,30.344151,33.541514,51.8750,11.291443,5531
548,summer,7,0,1,1,clear,28.738349,30.334508,44.7083,13.082889,6227
549,summer,7,0,2,1,clear,28.699151,30.374900,49.2083,8.457879,6660
550,summer,7,1,3,0,clear,29.090849,32.334242,53.8750,9.041650,7403
551,summer,7,0,4,1,clear,30.892500,34.250222,45.7917,12.999943,6241
552,summer,7,0,5,1,clear,30.931651,33.667178,45.0833,9.791514,6207
553,summer,7,0,6,0,clear,32.498349,37.124258,49.2083,10.958118,4840
554,summer,7,0,0,0,clear,30.657500,36.166136,57.3750,8.417143,4672
555,summer,7,0,1,1,mist,25.409151,27.167564,68.3333,12.125325,6569
556,summer,7,0,2,1,mist,25.879151,27.876536,66.7500,10.166379,6290
557,summer,7,0,3,1,clear,25.683349,26.917886,63.3333,10.166111,7264
558,summer,7,0,4,1,clear,25.644151,27.209078,52.9583,9.833925,7446
559,summer,7,0,5,1,mist,26.388349,28.083578,48.5833,5.416950,7499
560,summer,7,0,6,0,mist,25.056651,27.958772,69.9167,9.626493,6969
561,summer,7,0,0,0,clear,27.054151,30.542936,71.7917,11.166689,6031
562,summer,7,0,1,1,clear,27.876651,31.792250,64.5000,11.000529,6830
563,summer,7,0,2,1,clear,30.461651,33.875078,50.5833,7.666743,6786
564,summer,7,0,3,1,clear,29.286651,33.208478,57.7083,9.208614,5713
565,summer,7,0,4,1,clear,28.190000,31.166372,60.0417,11.083743,6591
566,summer,7,0,5,1,mist,23.294151,24.459650,84.4167,14.000789,5870
567,summer,7,0,6,0,light precip,20.004151,20.294192,86.5417,14.291100,4459
568,summer,7,0,0,0,mist,23.372500,25.126250,76.2500,6.292694,7410
569,summer,7,0,1,1,clear,26.858349,29.541122,69.4167,9.291761,6966
570,summer,7,0,2,1,clear,27.289151,30.625700,65.5000,14.167418,7592
571,summer,7,0,3,1,clear,26.035849,27.167564,45.0000,11.041600,8173
572,summer,7,0,4,1,clear,28.503349,32.791358,59.6667,19.082471,6861
573,summer,7,0,5,1,clear,28.738349,32.458322,59.4583,10.250464,6904
574,summer,7,0,6,0,clear,27.524151,30.041864,61.3333,10.542450,6685
575,summer,7,0,0,0,clear,25.918349,28.083578,62.3750,11.416532,6597
576,summer,7,0,1,1,clear,26.349151,29.209142,66.8750,10.292339,7105
577,summer,7,0,2,1,clear,25.526651,27.751136,70.4167,11.083475,7216
578,summer,8,0,3,1,clear,25.722500,28.042328,67.7500,9.458993,7580
579,summer,8,0,4,1,clear,27.367500,30.667808,65.9583,8.666718,7261
580,summer,8,0,5,1,mist,27.994151,31.709222,64.2500,14.458064,7175
581,summer,8,0,6,0,clear,29.286651,33.583622,61.3333,17.249686,6824
582,summer,8,0,0,0,clear,28.150849,32.251214,65.2500,19.458207,5464
583,summer,8,0,1,1,mist,27.367500,30.876236,65.4167,8.666718,7013
584,summer,8,0,2,1,mist,26.584151,30.042986,70.3750,7.832836,7273
585,summer,8,0,3,1,mist,27.250000,30.709322,67.2917,7.416900,7534
586,summer,8,0,4,1,clear,27.524151,30.167528,62.0417,10.458700,7286
587,summer,8,0,5,1,mist,25.644151,28.084172,71.5833,16.000471,5786
588,summer,8,0,6,0,mist,24.547500,26.125622,73.2917,13.834093,6299
589,summer,8,0,0,0,clear,24.939151,26.542214,53.0417,8.208304,6544
590,summer,8,0,1,1,clear,25.879151,27.708764,54.5417,9.126204,6883
591,summer,8,0,2,1,clear,26.153349,28.667414,68.6667,11.333586,6784
592,summer,8,0,3,1,clear,25.213349,27.166442,61.9583,11.374657,7347
593,summer,8,0,4,1,clear,25.800849,27.209408,51.9167,9.500332,7605
594,summer,8,0,5,1,clear,25.996651,0.001600,57.0833,15.500718,7148
595,summer,8,0,6,0,clear,23.881651,24.792686,60.3333,11.917089,7865
596,summer,8,0,0,0,mist,21.884151,23.834564,71.1667,5.792150,4549
597,summer,8,0,1,1,mist,21.884151,23.333822,73.4167,8.708593,6530
598,summer,8,0,2,1,clear,22.510849,23.667650,67.3750,4.875644,7006
599,summer,8,0,3,1,clear,23.372500,25.042364,67.7083,4.708981,7375
600,summer,8,0,4,1,clear,24.704151,26.042528,63.5833,5.667919,7765
601,summer,8,0,5,1,mist,25.017500,26.708600,61.5000,4.833769,7582
602,summer,8,0,6,0,mist,23.098349,24.833936,71.2917,16.375336,6053
603,summer,8,0,0,0,mist,22.706651,23.335736,84.5833,15.333486,5255
604,summer,8,0,1,1,clear,25.056651,27.209408,73.0417,8.625111,6917
605,summer,8,0,2,1,clear,26.231651,27.959300,62.0000,12.791975,7040
606,summer,8,0,3,1,clear,24.195000,25.958378,55.2083,7.541654,7697
607,summer,8,0,4,1,clear,25.213349,27.083414,59.0417,5.166819,7713
608,summer,8,0,5,1,clear,27.915849,29.500400,58.7500,11.291711,7350
609,summer,9,0,6,0,mist,27.406651,30.375164,63.8333,7.583529,6140
610,summer,9,0,0,0,mist,24.743349,26.834000,81.5000,4.292744,5810
611,summer,9,1,1,0,clear,25.252500,27.667514,79.0833,10.125107,6034
612,summer,9,0,2,1,clear,26.114151,29.334608,75.5000,15.833507,6864
613,summer,9,0,3,1,clear,26.623349,30.792878,74.1250,12.583136,7112
614,summer,9,0,4,1,mist,24.743349,27.251714,81.0417,9.542207,6203
615,summer,9,0,5,1,clear,25.056651,27.375464,73.6250,11.500282,7504
616,summer,9,0,6,0,mist,22.980849,24.333986,79.9167,18.833968,5976
617,summer,9,0,0,0,clear,20.670000,22.209050,54.7500,15.041232,8227
618,summer,9,0,1,1,clear,19.416651,21.333164,50.3750,17.333771,7525
619,summer,9,0,2,1,clear,19.142500,20.583272,52.0000,6.167631,7767
620,summer,9,0,3,1,clear,20.160849,21.624950,57.7083,8.833682,7870
621,summer,9,0,4,1,clear,20.787500,22.250828,63.7083,5.542294,7804
622,summer,9,0,5,1,clear,21.766651,23.209478,67.2500,6.958821,8009
623,summer,9,0,6,0,clear,20.591651,22.667222,50.1667,16.583907,8714
624,summer,9,0,0,0,clear,19.260000,21.166250,57.0000,6.042281,7333
625,summer,9,0,1,1,mist,19.299151,20.501300,73.4583,10.166714,6869
626,summer,9,0,2,1,mist,21.296651,21.294422,87.2500,23.958329,4073
627,summer,9,0,3,1,clear,17.967500,19.666664,53.6667,14.416725,7591
628,summer,9,0,4,1,clear,17.693349,19.124672,61.8333,7.917189,7720
629,summer,9,0,5,1,clear,20.160849,21.750086,66.8750,10.333343,8167
630,summer,9,0,6,0,clear,22.550000,24.292208,64.6667,19.000061,8395
631,fall,9,0,0,0,clear,16.870849,18.249578,46.7083,14.958286,7907
632,fall,9,0,1,1,clear,16.165849,17.165858,49.2917,9.541068,7436
633,fall,9,0,2,1,clear,17.850000,19.915814,57.0000,15.833507,7538
634,fall,9,0,3,1,clear,21.845000,23.376458,63.0833,16.374800,7733
635,fall,9,0,4,1,mist,22.550000,24.126350,69.0833,9.000914,7393
636,fall,9,0,5,1,mist,21.100849,22.666958,69.0000,10.999993,7415
637,fall,9,0,6,0,clear,17.497500,18.999536,54.2917,15.249468,8555
638,fall,9,0,0,0,clear,16.753349,18.165758,58.3333,9.042186,6889
639,fall,10,0,1,1,mist,16.479151,17.792000,64.9167,6.083881,6778
640,fall,10,0,2,1,light precip,19.769151,19.793978,87.1667,6.999825,4639
641,fall,10,0,3,1,mist,22.902500,23.542778,79.3750,4.458569,7572
642,fall,10,0,4,1,mist,22.902500,24.126350,72.2917,7.875582,7328
643,fall,10,0,5,1,clear,20.905000,22.292342,62.7500,7.125450,8156
644,fall,10,0,6,0,clear,18.045849,19.542386,66.4167,17.957675,7965
645,fall,10,0,0,0,mist,11.544151,11.707658,70.8333,9.457854,3510
646,fall,10,1,1,0,mist,10.016651,9.582128,70.9583,12.708493,5478
647,fall,10,0,2,1,mist,12.993349,12.915392,76.1667,12.750100,6392
648,fall,10,0,3,1,clear,16.165849,17.207372,63.0833,12.584007,7691
649,fall,10,0,4,1,clear,12.445000,12.457022,46.3333,12.166932,7570
650,fall,10,0,5,1,clear,12.562500,12.582686,53.9167,15.751164,7282
651,fall,10,0,6,0,clear,10.486651,9.832136,49.4583,9.791514,7109
652,fall,10,0,0,0,clear,16.518349,17.541464,64.0417,18.667004,6639
653,fall,10,0,1,1,mist,18.398349,19.583900,70.7500,19.834479,5875
654,fall,10,0,2,1,clear,14.011651,14.415836,55.8333,12.208807,7534
655,fall,10,0,3,1,clear,13.424151,13.707128,69.2917,6.791857,7461
656,fall,10,0,4,1,mist,16.557500,17.833250,72.8333,15.874779,7509
657,fall,10,0,5,1,mist,18.476651,19.501136,81.5000,9.041918,5424
658,fall,10,0,6,0,clear,14.755849,15.207572,57.2917,7.874979,8090
659,fall,10,0,0,0,clear,13.815849,14.124314,51.0000,11.125618,6824
660,fall,10,0,1,1,clear,14.912500,15.874172,56.8333,5.459381,7058
661,fall,10,0,2,1,clear,17.575849,19.000064,64.1667,6.334569,7466
662,fall,10,0,3,1,clear,19.612500,20.875586,63.6250,4.876206,7693
663,fall,10,0,4,1,mist,17.850000,18.959408,80.0417,8.333125,7359
664,fall,10,0,5,1,mist,17.654151,18.501500,80.7083,8.875289,7444
665,fall,10,0,6,0,mist,16.910000,17.998778,72.0000,15.791364,7852
666,fall,10,0,0,0,mist,14.442500,14.872886,69.4583,26.666536,4459
667,fall,10,0,1,1,light precip,12.680000,13.000400,88.0000,23.999400,22
668,fall,10,0,2,1,mist,6.954554,4.453994,82.5455,14.271603,1096
669,fall,10,0,3,1,mist,8.802500,7.832600,66.6667,11.166689,5566
670,fall,11,0,4,1,mist,9.194151,8.416172,58.1667,10.542182,5986
671,fall,11,0,5,1,clear,8.685000,7.498772,52.2083,17.833725,5847
672,fall,11,0,6,0,mist,8.136651,5.373836,49.1250,18.125443,5138
673,fall,11,0,0,0,clear,7.314151,5.749508,53.2917,12.000236,5107
674,fall,11,0,1,1,clear,7.000849,4.332950,49.4167,15.833775,5259
675,fall,11,0,2,1,clear,5.199151,2.583422,56.7083,11.625371,5686
676,fall,11,0,3,1,mist,5.904151,2.124986,54.7500,20.375236,5035
677,fall,11,0,4,1,clear,8.552178,6.564806,33.3478,23.304945,5315
678,fall,11,0,5,1,clear,8.998349,7.457258,54.0833,14.375386,5992
679,fall,11,0,6,0,clear,10.290849,9.999842,64.5417,3.875669,6536
680,fall,11,0,0,0,clear,11.779151,11.833058,65.9167,8.542500,6852
681,fall,11,1,1,0,clear,14.795000,15.375278,74.1667,11.625639,6269
682,fall,11,0,2,1,mist,8.136651,5.332850,66.2917,22.917082,4094
683,fall,11,0,3,1,clear,5.590849,2.583158,55.2083,13.374875,5495
684,fall,11,0,4,1,mist,7.118349,5.416472,62.0417,10.250129,5445
685,fall,11,0,5,1,clear,8.215000,6.915464,52.4583,11.458675,5698
686,fall,11,0,6,0,clear,7.275000,5.541278,54.5417,12.041843,5629
687,fall,11,0,0,0,clear,8.097500,6.291236,69.2917,15.250004,4669
688,fall,11,0,1,1,mist,9.899151,8.790986,62.3333,15.749489,5499
689,fall,11,0,2,1,mist,9.585849,9.124022,68.5000,5.542575,5634
690,fall,11,0,3,1,clear,8.606651,8.082872,61.3750,6.917482,5146
691,fall,11,1,4,0,clear,7.980000,7.124486,58.0417,3.542344,2425
692,fall,11,0,5,1,clear,9.311651,8.999414,56.8750,9.917407,3910
693,fall,11,0,6,0,clear,5.081651,0.416972,40.4583,25.250357,2277
694,fall,11,0,0,0,clear,3.554151,1.000478,46.8333,10.083500,2424
695,fall,11,0,1,1,clear,6.726651,6.374264,53.5417,3.125550,5087
696,fall,11,0,2,1,mist,5.708349,2.582828,78.6667,15.916654,3959
697,fall,11,0,3,1,clear,5.943349,3.124292,50.6250,14.125007,5260
698,fall,11,0,4,1,clear,5.200890,3.695852,55.5652,7.739974,5323
699,fall,11,0,5,1,clear,6.021651,5.375222,64.9583,3.917544,5668
700,fall,12,0,6,0,mist,6.021651,4.915664,80.6667,4.000181,5191
701,fall,12,0,0,0,mist,8.332500,7.707728,82.3333,8.333393,4649
702,fall,12,0,1,1,clear,13.267500,14.082536,76.7500,5.542294,6234
703,fall,12,0,2,1,clear,14.364151,14.957564,73.3750,11.666643,6606
704,fall,12,0,3,1,clear,12.601651,12.248792,48.5000,21.709407,5729
705,fall,12,0,4,1,clear,4.024151,1.041464,50.8750,11.708518,5375
706,fall,12,0,5,1,mist,7.079151,5.249228,76.4167,8.750200,5008
707,fall,12,0,6,0,mist,9.938349,9.707528,91.1250,6.792393,5582
708,fall,12,0,0,0,mist,10.055849,9.749636,90.5417,10.584325,3228
709,fall,12,0,1,1,mist,12.484151,12.747950,92.5000,12.750636,5170
710,fall,12,0,2,1,mist,8.606651,6.331958,59.6667,19.834479,5501
711,fall,12,0,3,1,mist,5.982500,3.624308,53.8333,10.916779,5319
712,fall,12,0,4,1,clear,5.904151,3.416408,48.5833,11.666643,5532
713,fall,12,0,5,1,clear,5.238349,3.416672,64.2917,8.792343,5611
714,fall,12,0,6,0,clear,7.235849,6.333278,65.0417,7.125450,5047
715,fall,12,0,0,0,mist,9.037500,8.415908,83.8750,6.749714,3786
716,fall,12,0,1,1,mist,10.486651,10.499000,90.7083,6.583306,4585
717,fall,12,0,2,1,clear,11.309151,11.040728,66.6250,14.834068,5557
718,fall,12,0,3,1,clear,7.627500,6.582692,62.5417,12.334164,5267
719,fall,12,0,4,1,mist,7.510000,6.124322,66.7917,8.875021,4128
720,winter,12,0,5,1,mist,7.353349,3.916622,55.6667,25.083661,3623
721,winter,12,0,6,0,clear,4.494151,0.416542,44.1250,27.292182,1749
722,winter,12,0,0,0,clear,3.554151,1.125086,51.5417,8.916561,1787
723,winter,12,0,1,1,mist,2.871288,1.087400,79.1304,5.174437,920
724,winter,12,1,2,0,mist,5.691288,3.434690,73.4783,11.304642,1013
725,winter,12,0,3,1,light precip,3.436651,1.458022,82.3333,21.208582,441
726,winter,12,0,4,1,mist,3.945849,1.041628,65.2917,23.458911,2114
727,winter,12,0,5,1,mist,3.906651,0.833036,59.0000,10.416557,3095
728,winter,12,0,6,0,mist,3.906651,0.001600,75.2917,8.333661,1341
729,winter,12,0,0,0,clear,4.024151,0.707800,48.3333,23.500518,1796
730,winter,12,0,1,1,mist,2.144151,1.249858,57.7500,10.374682,2729








